meta,disease
0,0
0,1
0,2
0,3
0,4
0,5
1,6
1,7
2,5
3,0
3,5
3,6
3,8
3,9
3,10
3,11
4,12
5,5
5,6
5,14
5,15
6,6
6,14
6,15
7,5
7,6
7,14
7,15
8,2
8,6
9,5
9,6
9,8
9,14
9,15
9,16
9,17
9,18
9,19
10,20
11,5
11,6
12,21
13,6
14,16
14,22
15,5
15,6
15,16
15,23
15,24
15,25
15,26
16,8
17,27
18,0
18,5
18,14
18,15
19,0
19,5
19,6
19,9
19,11
19,13
19,14
19,15
20,6
20,14
20,15
20,28
20,29
20,30
21,31
22,1
22,6
23,5
23,6
23,14
23,15
23,32
23,33
23,34
23,35
23,36
24,2
24,4
24,5
24,6
24,14
24,15
24,17
24,19
24,26
24,33
24,34
24,35
24,37
24,38
25,0
25,2
25,4
25,5
25,6
25,8
25,9
25,11
25,14
25,15
25,17
25,19
25,37
25,39
25,40
25,41
26,5
26,13
26,42
27,0
27,6
27,9
27,11
27,14
27,15
28,0
28,5
28,6
28,9
28,11
28,14
28,15
28,35
29,37
29,43
29,44
29,45
30,37
30,46
31,8
31,31
31,36
31,47
31,48
31,49
31,50
32,6
32,14
32,51
32,52
32,53
32,54
33,0
33,5
33,6
33,9
33,11
33,14
33,15
33,40
33,41
33,55
34,13
34,14
34,15
35,5
35,6
35,8
35,13
35,14
35,15
35,35
36,3
36,4
36,5
36,6
36,17
36,40
36,41
36,56
36,57
37,8
37,31
37,36
37,58
37,59
37,60
38,0
38,5
38,6
38,8
38,9
38,11
38,14
38,15
38,17
38,29
38,35
38,39
38,41
38,61
38,62
38,63
39,6
39,8
39,26
39,27
39,51
39,52
39,54
39,57
39,64
39,65
39,66
39,67
39,68
39,69
39,70
39,71
39,72
39,73
39,74
40,8
40,75
40,76
40,77
40,78
41,6
41,8
41,40
41,41
41,79
41,80
41,81
41,82
41,83
42,5
42,6
43,0
43,5
43,8
43,9
43,11
43,17
44,0
44,5
44,8
44,76
44,77
44,78
44,84
44,85
45,6
45,55
45,78
45,86
45,87
46,31
46,36
47,19
48,5
49,6
50,0
50,40
50,41
50,88
51,1
51,5
51,72
51,89
52,0
52,6
52,9
52,11
52,14
52,15
52,42
53,1
53,5
53,6
53,14
53,15
54,0
54,2
54,4
54,5
54,6
54,8
54,9
54,11
54,14
54,15
54,17
54,19
54,35
54,37
54,41
54,42
55,0
55,6
55,9
55,11
56,0
56,5
56,6
56,9
56,11
56,14
56,15
56,17
56,18
56,35
56,36
56,40
56,41
57,1
57,5
57,6
57,14
57,17
57,32
58,0
58,5
58,14
58,15
58,33
58,39
58,90
59,5
59,6
59,91
60,0
60,35
60,92
61,1
61,5
61,14
61,15
61,17
61,33
61,34
61,35
61,93
62,0
62,5
62,6
62,9
62,11
62,13
62,14
62,15
62,16
62,35
62,40
62,41
62,94
63,5
63,6
63,8
63,17
63,28
63,95
63,96
64,5
64,8
64,16
64,19
64,20
64,33
64,34
64,84
64,97
64,98
64,99
64,100
64,101
65,0
65,36
65,102
66,0
66,5
66,6
66,8
66,15
66,31
66,52
66,65
66,73
66,74
66,75
66,103
66,104
67,0
67,2
67,3
67,4
67,5
67,6
67,7
67,8
67,9
67,11
67,14
67,15
67,17
67,19
67,33
67,35
67,37
67,38
67,40
67,41
67,105
67,106
67,107
67,108
67,109
67,110
68,0
68,9
68,11
69,8
69,26
69,42
70,0
70,6
70,9
70,11
71,5
71,8
71,14
71,15
71,44
71,62
71,63
71,89
72,5
72,14
72,15
72,111
73,5
73,6
73,8
73,14
73,15
73,35
73,112
74,0
74,6
74,9
74,11
74,113
75,5
75,6
75,14
75,15
76,0
76,5
76,6
76,17
76,35
76,36
77,6
77,14
77,15
77,28
77,34
77,61
77,114
77,115
78,5
78,6
78,8
78,14
78,15
78,35
78,116
79,5
79,17
79,35
79,36
79,41
80,5
80,6
80,92
81,50
82,0
82,3
82,5
82,6
82,7
82,8
82,14
82,15
82,16
82,33
82,35
82,40
82,41
82,68
82,118
83,2
83,4
83,5
83,6
83,15
83,35
83,40
83,41
84,70
85,50
86,6
87,0
87,5
87,6
87,9
87,11
87,14
87,15
87,17
87,30
87,35
87,36
87,40
87,41
87,42
87,89
87,113
87,119
87,120
88,0
88,3
88,5
88,6
88,7
88,8
88,9
88,11
88,14
88,15
88,16
88,22
88,33
88,35
88,39
88,40
88,41
88,84
88,121
88,122
89,0
89,2
89,3
89,5
89,6
89,7
89,8
89,9
89,11
89,14
89,15
89,16
89,19
89,22
89,33
89,35
89,36
89,38
89,40
89,41
89,84
89,122
89,123
90,0
90,5
90,6
90,7
90,8
90,9
90,11
90,13
90,14
90,15
90,16
90,17
90,33
90,35
90,36
90,38
90,40
90,41
90,45
90,105
90,123
90,124
91,0
91,3
91,5
91,6
91,9
91,11
91,14
91,15
91,33
91,34
91,35
91,36
91,40
91,41
92,5
92,6
93,5
93,14
93,15
93,89
94,0
94,3
94,5
94,6
94,7
94,8
94,9
94,11
94,14
94,15
94,16
94,33
94,35
94,36
94,40
94,41
95,0
95,5
95,6
95,7
95,8
95,9
95,11
95,14
95,15
95,16
95,34
95,38
95,61
95,89
96,5
96,6
97,0
97,2
97,5
97,6
97,7
97,8
97,9
97,11
97,14
97,15
97,16
97,33
97,35
97,40
97,41
98,5
98,6
99,14
99,15
100,5
101,0
101,2
101,3
101,4
101,5
101,6
101,7
101,8
101,9
101,11
101,14
101,15
101,16
101,19
101,33
101,34
101,37
101,40
101,41
101,105
101,123
102,0
102,5
103,0
103,4
103,5
103,6
103,7
103,8
103,9
103,11
103,14
103,15
103,33
103,35
103,40
103,41
103,56
103,105
103,125
103,126
104,5
104,127
105,0
105,3
105,5
105,6
105,7
105,8
105,9
105,11
105,14
105,15
105,17
105,33
105,35
105,40
105,41
105,106
105,108
105,109
105,110
106,0
106,4
106,5
106,6
106,8
106,9
106,10
106,11
106,14
106,15
106,24
106,35
106,41
106,44
106,45
106,103
107,0
107,5
107,6
107,8
107,9
107,11
107,14
107,15
107,16
107,29
107,35
107,38
107,40
107,41
108,0
108,5
108,6
108,8
108,20
108,106
108,125
109,0
109,5
109,9
109,11
110,0
110,5
110,6
111,1
111,5
111,6
111,14
111,15
111,35
111,38
111,42
111,119
112,5
112,6
112,33
112,35
112,58
112,89
112,97
112,128
113,3
113,5
113,6
113,14
113,15
114,0
114,4
114,5
114,90
114,129
115,19
115,130
116,5
116,6
117,6
117,8
117,17
117,131
117,132
118,5
118,6
118,8
118,95
119,1
119,5
119,6
119,7
119,14
119,15
119,19
119,35
119,89
120,3
120,5
120,6
120,14
120,15
120,35
120,93
121,0
121,5
121,6
121,8
122,6
123,0
123,3
123,5
123,6
123,7
123,8
123,9
123,11
123,14
123,15
123,33
123,40
123,41
123,45
123,89
123,125
123,126
123,133
124,6
125,8
125,76
125,77
125,78
125,84
125,89
126,134
127,70
128,5
128,6
128,8
128,69
129,3
129,5
129,6
129,29
129,34
130,5
130,6
130,14
130,15
131,6
131,14
131,15
131,42
131,126
131,133
132,27
132,135
133,5
133,6
133,14
133,15
133,33
133,34
133,35
133,89
134,6
134,15
134,35
135,5
135,32
135,81
135,82
135,120
135,136
135,137
136,8
136,31
136,50
136,70
136,138
137,6
137,93
137,98
137,101
138,4
138,5
138,6
138,14
138,15
138,33
138,34
138,35
138,36
138,139
139,5
139,6
139,14
139,15
140,0
140,5
140,6
140,8
140,9
140,10
140,11
140,13
140,35
140,45
140,68
140,103
141,5
141,6
141,58
141,93
142,140
142,141
143,0
143,5
143,6
143,14
143,15
144,58
144,84
144,142
145,2
145,4
145,5
145,6
145,7
145,8
145,14
145,15
145,16
145,17
145,20
145,35
145,36
145,38
145,40
145,41
146,6
146,17
147,8
147,31
147,143
148,0
148,5
148,6
148,14
148,15
148,17
148,35
148,38
148,42
148,95
149,6
150,5
150,6
150,14
150,15
150,17
151,5
151,6
151,8
151,20
151,84
152,6
152,55
153,0
153,9
153,11
154,58
154,84
154,144
155,5
155,6
155,8
155,15
155,35
156,6
157,0
157,5
157,6
157,9
157,11
157,68
157,70
158,5
159,5
159,6
159,42
159,119
160,29
160,30
161,6
162,5
162,6
163,36
164,0
164,9
164,11
165,6
165,8
165,13
165,26
165,38
165,42
165,44
165,68
165,76
165,89
165,103
165,113
165,119
165,145
166,5
166,6
166,19
167,5
167,6
167,14
167,15
167,42
167,61
167,113
167,119
167,120
168,5
168,6
168,13
168,29
168,30
169,6
169,15
169,35
169,42
169,46
169,113
169,119
170,6
170,14
170,15
171,5
171,6
171,14
171,15
171,42
171,46
171,55
171,78
171,86
171,87
172,5
172,6
173,6
173,35
174,64
175,5
175,6
175,14
175,15
175,29
175,34
176,2
176,5
176,6
176,14
176,15
177,146
178,6
179,6
180,130
181,20
182,147
183,4
183,132
184,4
184,148
185,5
185,6
186,0
186,3
186,5
186,6
186,8
186,9
186,11
186,14
186,15
186,41
187,69
187,80
188,31
189,6
189,8
190,8
191,19
191,31
191,36
192,5
192,6
192,35
193,4
193,14
193,90
193,132
193,149
194,28
195,6
196,6
197,48
198,2
198,5
198,6
199,48
200,6
201,6
202,5
202,6
203,5
203,6
204,6
205,5
205,6
206,5
206,6
206,19
207,5
207,6
207,17
207,58
208,0
208,5
208,6
209,6
210,0
210,1
210,5
210,6
210,8
211,4
211,149
212,5
212,6
212,8
212,13
212,14
212,15
213,0
213,20
213,26
213,57
213,66
213,150
213,151
214,6
214,14
214,15
214,33
215,6
215,29
215,30
216,20
217,6
217,14
217,15
218,14
218,15
218,33
218,34
218,93
219,14
220,0
220,1
220,3
220,4
220,5
220,6
221,6
221,14
221,15
222,69
223,5
223,6
224,6
225,152
226,8
226,153
227,2
227,5
227,6
228,6
229,70
230,5
230,6
231,26
232,6
233,0
233,6
234,5
234,6
234,8
234,14
234,15
235,5
235,6
235,61
236,6
237,0
237,2
237,3
237,4
237,5
237,6
237,7
237,8
237,9
237,11
237,14
237,15
237,33
237,35
237,37
237,45
237,46
237,72
237,125
237,126
238,28
238,29
238,30
238,61
238,130
239,69
240,5
241,6
242,6
243,4
244,6
245,6
245,14
245,15
245,33
245,34
245,35
246,16
246,154
247,6
248,8
249,0
249,20
249,26
249,155
250,6
251,5
251,6
251,14
251,15
251,80
252,2
252,5
252,6
253,0
253,2
253,4
253,6
253,8
253,9
253,11
253,14
253,15
253,19
253,41
253,42
253,44
253,61
253,68
253,73
253,113
253,132
253,151
254,6
255,3
255,5
256,92
257,5
257,6
258,29
258,157
258,158
259,87
259,140
259,141
259,159
259,160
260,29
261,6
262,0
262,5
262,6
262,24
262,26
262,32
262,33
262,89
262,154
262,161
263,139
263,162
264,6
264,14
264,15
265,29
265,84
265,144
266,31
266,52
266,57
266,145
266,155
267,31
268,6
268,19
269,145
269,155
270,20
270,26
271,163
271,164
272,80
272,83
273,95
274,90
275,0
275,20
275,26
276,0
277,6
278,0
278,9
278,11
279,5
279,6
279,14
279,15
279,28
279,29
279,61
279,130
280,6
281,5
281,58
282,6
282,15
282,165
283,5
283,6
283,8
284,6
284,15
284,35
284,61
284,130
285,138
286,6
286,14
286,15
287,6
287,29
287,30
288,6
289,5
289,121
290,6
290,28
291,6
291,61
292,5
293,5
293,6
293,17
294,0
294,2
294,3
294,4
294,5
294,6
294,7
294,8
294,9
294,11
294,14
294,15
294,16
294,35
294,40
294,41
295,87
295,140
295,141
295,159
295,160
295,166
296,5
296,6
297,6
297,40
297,41
298,3
298,5
298,6
298,14
298,15
298,34
299,29
300,0
300,20
300,26
300,115
300,146
300,167
301,5
301,6
302,5
302,6
302,15
302,35
302,58
303,5
304,6
305,6
305,14
305,15
305,33
305,35
306,136
306,144
307,29
308,6
309,6
309,8
309,15
309,17
309,29
309,86
309,131
309,132
309,168
310,5
310,162
311,4
311,5
311,6
311,58
311,132
312,5
312,6
313,5
313,6
313,89
314,5
314,8
314,14
314,15
314,120
315,130
316,0
316,2
316,5
316,6
316,7
316,8
316,9
316,11
316,14
316,15
316,16
316,19
316,33
316,35
316,36
316,40
316,41
317,34
317,132
318,6
318,15
318,34
318,35
319,5
319,6
320,0
320,20
320,26
320,102
321,87
322,5
322,56
322,95
323,2
323,5
323,6
323,36
323,38
324,3
324,5
324,6
324,7
324,8
324,14
324,15
324,16
324,33
324,34
324,35
324,36
324,39
324,121
324,162
325,5
325,17
325,29
325,134
326,4
326,5
326,6
326,68
326,149
327,4
327,6
328,5
328,6
328,19
329,3
329,6
329,14
329,15
330,6
331,6
331,19
332,6
333,5
333,6
333,147
334,6
335,6
336,2
336,3
336,4
336,5
336,6
336,8
336,14
336,15
336,17
336,19
336,37
336,89
337,5
337,6
337,8
337,14
337,15
337,81
337,82
337,89
338,79
339,5
339,6
339,14
339,15
339,33
339,34
339,35
339,132
340,5
340,6
340,14
340,15
341,5
341,6
342,0
342,5
342,6
343,6
344,0
344,5
344,6
344,14
344,15
345,4
346,5
347,130
348,87
348,140
348,159
348,160
348,166
349,14
349,15
349,33
349,34
349,35
350,29
351,34
352,0
352,6
352,20
352,24
352,26
352,89
352,129
352,136
352,154
352,161
352,162
352,169
352,170
352,171
353,6
353,8
353,61
354,2
354,5
354,6
355,6
355,19
356,1
357,6
358,33
358,34
359,5
359,6
359,17
359,41
359,149
360,5
360,6
360,19
361,6
362,6
362,130
363,6
363,28
363,61
363,130
364,5
364,8
364,14
364,15
364,16
364,34
364,59
364,97
364,98
364,101
364,165
365,6
365,14
365,15
365,35
365,70
366,0
366,5
366,6
366,17
366,32
367,6
367,70
368,6
368,42
369,6
370,8
371,6
371,19
372,6
373,5
373,6
373,68
374,5
374,6
374,15
375,83
376,33
377,6
377,66
377,79
377,80
377,83
378,6
379,6
379,8
380,0
380,9
380,11
381,4
381,6
382,3
382,5
382,6
382,8
382,42
383,14
383,15
383,168
384,14
384,15
384,34
384,35
385,5
386,6
387,3
387,4
387,5
387,14
387,15
387,34
388,6
388,8
388,14
389,5
389,6
389,8
389,14
390,70
391,6
392,14
392,15
392,20
392,26
392,32
392,89
392,120
393,6
393,8
393,14
393,15
394,3
394,6
394,34
395,6
396,36
396,158
397,6
397,43
398,6
399,6
400,5
400,6
401,5
402,4
403,5
403,14
403,15
403,93
404,6
405,1
405,5
405,6
405,172
406,6
407,6
408,6
409,5
409,6
409,17
410,66
411,6
412,69
412,93
412,97
413,5
413,6
414,0
414,2
414,3
414,5
414,6
414,7
414,8
414,9
414,11
414,14
414,15
414,16
414,17
414,19
414,33
414,35
414,36
414,38
414,40
414,41
415,6
416,6
416,15
417,5
417,6
417,14
417,15
417,33
417,34
417,35
418,5
418,6
418,8
418,58
419,6
419,29
419,30
420,6
421,0
421,8
421,14
421,15
421,173
422,134
423,58
424,0
424,5
424,6
424,8
424,9
424,11
424,14
424,15
424,16
424,36
424,37
424,38
424,40
424,41
424,45
425,1
425,5
425,14
425,15
425,35
425,40
425,41
425,89
426,6
426,29
426,66
427,15
428,33
429,130
430,6
431,1
431,2
431,4
431,5
431,6
431,8
431,14
431,15
431,17
431,34
431,37
431,41
431,69
431,89
432,15
433,4
434,0
434,3
434,5
434,6
434,7
434,8
434,9
434,11
434,14
434,15
434,16
434,33
434,34
434,35
434,36
434,40
434,41
434,48
434,84
434,98
434,101
434,174
435,6
436,6
437,0
437,5
437,20
437,175
438,5
438,6
438,61
438,68
439,3
439,6
440,6
440,61
440,130
441,6
442,6
442,14
442,15
442,28
443,4
444,8
445,5
445,17
446,4
446,148
447,14
448,14
448,15
448,93
449,6
450,6
451,6
451,70
452,0
452,6
452,8
452,17
452,36
452,49
452,50
453,26
453,86
454,86
455,6
455,8
455,86
455,131
455,132
455,168
456,29
457,8
457,14
457,15
458,14
458,15
458,145
459,29
460,6
460,8
460,42
461,0
461,9
461,11
462,6
463,13
463,120
463,176
464,82
465,70
466,5
466,6
466,89
467,6
468,177
469,14
469,15
469,33
469,34
470,5
470,140
471,6
472,6
473,6
473,29
473,66
474,6
475,15
475,33
475,34
476,15
476,34
477,175
478,7
479,20
480,70
481,32
481,120
481,176
481,178
482,16
482,154
483,6
484,13
484,120
484,136
485,6
486,8
487,0
487,20
487,26
488,6
488,58
489,7
489,89
490,0
490,6
490,7
490,9
490,11
490,14
490,15
490,89
491,6
491,70
492,8
493,16
493,154
494,7
495,0
495,20
495,26
496,4
497,8
498,66
499,6
500,3
501,6
502,0
502,20
502,26
502,136
503,0
503,6
503,77
503,84
504,5
504,16
504,154
505,3
505,5
506,6
507,40
507,41
508,6
509,0
510,6
511,32
511,118
512,0
512,5
512,6
512,9
512,11
513,13
513,72
513,120
514,6
514,14
514,15
514,89
515,0
515,5
515,6
515,7
515,9
515,11
515,14
515,15
515,35
515,40
515,41
515,89
516,0
516,13
516,26
516,69
516,179
516,180
517,3
517,50
518,6
518,57
518,145
518,151
518,181
518,182
519,6
520,27
520,172
521,93
521,97
522,23
522,30
522,183
523,14
523,15
523,89
524,8
525,8
526,0
526,9
526,11
527,20
528,154
529,15
529,33
530,6
530,14
530,15
530,93
531,8
531,16
531,20
531,97
531,98
531,100
531,101
532,34
532,36
532,181
533,33
533,34
534,5
535,6
536,5
536,41
536,89
537,6
537,29
538,91
539,1
539,6
539,72
539,89
539,168
540,6
540,170
541,184
542,0
542,9
542,11
542,14
542,15
543,1
543,6
543,89
544,0
544,6
544,17
545,0
545,9
545,11
546,6
547,6
548,1
548,5
548,14
548,15
548,17
548,34
548,35
548,41
548,93
548,94
549,5
550,8
550,31
550,93
550,97
551,29
551,89
552,5
552,6
552,15
552,35
552,80
552,132
553,5
553,6
553,185
554,0
554,6
555,7
555,8
555,20
556,6
557,5
557,6
557,69
557,185
558,5
558,6
558,14
558,15
558,33
558,34
558,35
559,5
559,6
560,5
560,6
560,185
561,5
562,5
562,6
562,8
563,5
564,5
564,6
564,14
564,15
564,34
564,35
565,5
565,14
565,15
565,36
565,93
566,5
567,5
567,6
567,17
567,29
568,6
569,5
569,22
569,185
570,5
570,6
570,185
571,6
571,185
572,6
572,20
572,64
572,66
573,5
573,6
574,7
575,0
575,18
575,90
575,99
575,102
575,186
575,187
576,188
577,13
578,14
578,15
579,161
580,6
581,6
582,5
583,70
584,6
585,6
585,124
586,6
587,6
588,6
589,6
590,6
591,0
591,20
591,26
592,6
593,45
593,57
593,103
594,6
594,132
595,25
596,3
596,6
597,5
598,6
599,0
599,20
599,26
600,6
600,185
601,14
601,35
601,51
601,93
601,189
602,6
602,86
602,97
602,132
602,168
603,6
604,6
605,97
606,5
606,6
607,132
608,26
609,3
609,5
609,34
610,3
610,5
611,6
611,20
612,6
613,27
614,1
614,29
615,0
615,6
616,6
617,0
617,20
618,34
619,13
619,16
619,28
619,190
620,6
620,7
621,6
621,132
622,6
623,105
624,8
625,6
626,0
626,13
626,26
626,179
626,180
627,5
627,6
628,6
629,6
629,185
630,6
631,141
632,79
633,7
634,147
635,26
635,61
635,129
636,0
636,20
636,26
637,14
637,15
637,33
637,34
637,35
638,26
639,6
639,83
639,86
639,97
639,132
639,154
639,168
640,132
641,7
642,0
642,20
642,26
643,6
643,15
643,35
644,178
645,6
646,6
646,8
647,132
648,6
648,8
649,136
650,3
650,34
651,6
651,8
652,6
653,6
654,6
655,6
656,102
657,6
657,7
658,6
659,14
659,15
660,8
661,1
661,6
661,7
661,14
661,15
661,35
661,40
661,41
662,6
663,89
664,6
665,79
665,83
666,6
667,34
668,6
668,132
669,5
669,6
670,0
670,20
671,6
672,5
672,6
673,5
674,0
674,20
674,26
675,6
676,29
676,30
677,0
677,20
677,26
678,6
679,6
680,6
680,29
680,190
681,5
681,33
682,8
683,6
683,70
684,0
685,6
686,0
686,41
687,14
687,15
688,130
689,84
689,144
690,6
691,8
692,6
693,25
693,72
693,82
693,191
694,3
695,36
695,48
695,184
696,40
696,41
696,173
697,6
698,6
698,82
698,185
699,192
700,6
701,1
701,72
701,136
701,191
702,13
702,36
702,120
702,193
703,6
703,30
704,1
705,15
705,33
705,34
706,31
706,50
706,93
706,97
707,6
708,3
708,156
709,194
710,70
711,6
711,70
712,6
712,42
713,15
714,183
715,29
715,89
716,6
716,29
717,29
717,89
718,6
719,195
719,196
720,6
721,6
722,6
723,14
723,15
723,29
723,87
724,6
724,29
724,132
725,3
725,6
725,132
726,3
727,6
728,5
728,15
728,34
729,13
729,120
729,193
730,168
730,197
731,6
732,14
732,15
733,6
734,1
734,6
734,7
734,30
734,48
734,68
734,89
734,198
734,199
735,1
735,89
736,1
736,6
736,14
736,15
736,89
737,0
737,8
737,9
737,11
737,26
737,42
738,0
738,6
738,8
738,9
738,11
738,14
738,15
738,35
739,34
740,6
740,15
740,35
741,6
742,14
742,15
743,6
744,6
744,43
745,5
746,8
747,14
747,15
747,34
748,6
748,15
749,70
750,70
751,6
751,29
752,70
753,144
754,14
754,15
755,172
756,89
757,163
757,200
758,0
758,20
758,26
759,20
760,0
760,20
760,26
760,201
761,90
762,0
762,20
762,26
763,5
763,6
764,14
764,15
764,34
764,94
765,6
766,70
767,8
767,93
767,97
768,148
769,6
770,20
770,203
771,5
771,6
772,0
772,89
773,47
774,70
775,69
776,8
777,88
778,6
778,70
779,16
780,20
781,26
782,6
783,0
783,20
783,26
784,6
784,89
784,134
785,89
786,6
786,24
786,202
787,29
787,84
787,144
788,6
789,78
790,70
791,13
791,15
792,6
793,14
793,15
793,34
793,35
794,0
794,6
794,20
794,89
794,204
795,1
796,97
797,8
798,6
799,6
800,0
800,20
801,48
802,1
802,33
802,34
803,1
804,29
804,86
805,86
806,6
807,64
807,117
808,64
808,117
809,205
810,64
810,117
811,205
812,64
812,117
813,64
813,117
814,64
814,117
815,188
816,6
817,6
818,64
818,117
819,5
820,86
821,6
822,6
823,6
823,132
824,3
824,6
825,3
826,6
826,20
826,86
826,203
827,207
828,6
829,6
830,6
831,6
832,6
833,6
834,33
835,70
836,14
836,15
836,34
837,14
837,15
837,33
837,34
837,35
838,0
838,20
838,26
839,89
839,94
840,14
840,15
840,34
840,89
841,86
842,15
843,15
843,34
844,5
844,6
845,6
845,93
846,6
847,8
847,20
847,26
847,89
848,14
848,15
848,33
848,34
849,5
849,6
850,69
851,14
851,15
851,33
851,34
852,17
853,0
854,5
854,6
855,96
856,29
857,3
858,6
858,8
858,14
858,33
858,35
859,6
859,132
860,6
861,209
862,0
863,6
864,69
865,14
865,15
866,14
866,15
867,69
868,5
869,3
870,3
871,3
871,5
872,3
873,3
874,3
875,3
876,3
876,5
877,3
877,5
878,3
878,5
879,3
880,3
880,5
881,3
882,3
882,5
883,3
883,5
884,3
885,3
885,5
886,3
886,5
887,3
888,3
888,5
889,3
889,5
890,5
891,3
892,3
893,3
894,3
895,3
896,3
896,5
897,3
899,3
900,3
901,3
902,3
903,3
904,3
905,3
906,3
907,3
908,3
908,5
909,3
910,3
911,3
912,3
913,3
914,3
915,3
916,3
917,3
918,3
919,3
920,3
920,8
921,3
922,3
923,3
924,3
925,3
926,3
927,3
928,3
929,3
930,3
931,3
932,3
933,3
933,5
934,3
934,5
935,3
936,3
936,5
937,3
938,3
939,3
940,3
941,3
942,3
943,3
944,3
945,3
946,3
947,3
948,3
949,3
950,3
951,3
952,3
953,3
954,3
955,3
956,3
957,3
957,5
958,3
959,3
960,3
961,3
961,5
962,3
963,3
964,3
965,3
966,3
967,3
968,3
969,3
970,3
971,3
972,3
973,3
974,3
975,3
976,3
977,3
978,3
979,3
980,3
981,3
982,3
983,3
983,5
984,3
984,5
985,3
986,3
986,5
987,3
987,5
988,3
988,5
989,3
990,3
991,3
992,3
993,3
994,3
995,3
996,3
997,3
998,3
999,3
1000,3
1001,3
1002,3
1003,3
1004,3
1005,3
1006,3
1007,3
1008,3
1009,3
1010,3
1010,5
1011,3
1012,3
1013,3
1014,3
1015,3
1015,5
1016,3
1017,3
1018,3
1019,3
1020,3
1021,3
1022,3
1023,3
1024,3
1025,3
1026,3
1027,3
1028,3
1029,3
1030,3
1031,3
1032,3
1033,3
1034,3
1035,3
1036,3
1037,3
1038,3
1039,3
1040,3
1041,3
1042,3
1043,3
1044,3
1045,3
1046,3
1047,3
1048,3
1049,3
1050,3
1051,3
1052,3
1053,3
1054,3
1055,3
1056,3
1057,3
1058,3
1059,3
1060,3
1061,3
1062,3
1063,3
1064,3
1065,3
1066,3
1067,3
1068,3
1069,3
1070,3
1071,3
1072,3
1073,3
1074,3
1075,3
1076,3
1077,3
1078,3
1079,3
1080,3
1081,3
1082,3
1083,3
1084,3
1085,3
1086,3
1087,3
1088,3
1089,3
1090,3
1090,5
1091,3
1092,3
1093,3
1094,3
1095,3
1096,3
1097,3
1098,3
1099,3
1100,3
1101,3
1102,3
1103,3
1104,3
1105,3
1106,3
1107,3
1108,3
1109,3
1110,3
1111,3
1112,3
1113,3
1114,3
1115,3
1116,3
1117,3
1118,3
1119,3
1120,3
1121,3
1122,3
1123,3
1124,3
1125,3
1126,3
1127,3
1128,3
1129,3
1129,5
1130,3
1131,3
1132,3
1133,3
1134,3
1135,3
1136,3
1137,3
1138,3
1139,3
1140,3
1141,3
1142,3
1143,3
1144,3
1145,3
1146,3
1147,3
1148,3
1149,3
1150,3
1151,3
1152,3
1153,5
1154,3
1155,3
1156,3
1157,3
1158,3
1159,3
1160,3
1161,3
1162,3
1163,3
1164,3
1165,3
1166,3
1167,3
1168,3
1169,3
1170,3
1171,3
1172,3
1173,3
1174,3
1175,3
1176,3
1177,3
1178,3
1179,3
1180,3
1181,3
1182,3
1183,3
1184,3
1185,3
1186,3
1187,3
1188,3
1189,3
1190,3
1191,3
1192,3
1193,3
1194,3
1195,3
1196,3
1197,3
1198,3
1199,3
1200,3
1201,3
1202,3
1203,3
1204,3
1205,3
1206,3
1207,3
1208,3
1209,3
1210,3
1211,3
1212,3
1213,3
1214,3
1215,3
1216,3
1217,3
1218,3
1219,3
1220,3
1221,3
1222,3
1223,3
1224,3
1225,3
1226,3
1227,3
1228,3
1229,3
1230,3
1231,3
1232,3
1233,3
1234,3
1235,3
1236,3
1237,3
1238,3
1239,3
1240,3
1241,3
1242,3
1243,3
1244,3
1245,3
1246,3
1247,3
1248,3
1249,3
1250,3
1251,3
1252,3
1253,3
1254,3
1255,3
1256,3
1257,3
1258,3
1259,3
1260,3
1261,3
1262,3
1263,3
1264,3
1265,3
1266,3
1267,3
1268,3
1269,3
1270,3
1271,3
1272,3
1273,3
1274,3
1275,3
1276,3
1277,3
1278,3
1279,3
1280,3
1281,3
1282,3
1283,3
1284,3
1285,3
1286,3
1287,3
1288,3
1289,3
1290,3
1291,3
1292,3
1293,3
1294,3
1295,3
1296,3
1297,3
1298,3
1299,3
1300,3
1301,3
1302,3
1303,3
1304,3
1305,3
1306,3
1307,3
1308,3
1309,3
1310,3
1311,3
1312,3
1312,14
1312,15
1313,3
1314,3
1315,3
1316,3
1317,3
1318,3
1319,3
1320,3
1321,3
1322,3
1323,3
1324,3
1325,3
1326,3
1327,3
1328,3
1329,3
1330,3
1331,3
1332,3
1333,3
1334,3
1335,3
1336,3
1337,3
1338,3
1339,3
1340,3
1341,3
1342,3
1343,3
1344,3
1345,3
1346,3
1347,3
1348,3
1349,3
1350,3
1351,3
1352,3
1353,3
1354,3
1355,3
1356,3
1357,3
1358,3
1359,3
1360,3
1361,3
1362,3
1363,3
1364,3
1365,3
1366,3
1367,3
1368,3
1369,3
1370,3
1371,3
1372,3
1373,3
1374,3
1375,3
1376,3
1377,3
1378,3
1379,3
1380,3
1381,3
1382,3
1383,3
1384,3
1385,3
1386,3
1387,3
1388,3
1389,3
1390,48
1391,3
1391,5
1392,185
1393,89
1394,6
1395,14
1396,86
1397,48
1398,5
1399,69
1400,15
1401,6
1401,185
1402,6
1402,185
1403,6
1404,6
1405,6
1406,36
1406,185
1406,210
1407,3
1407,5
1408,6
1409,6
1410,185
1411,6
1412,6
1413,3
1414,3
1415,3
1416,3
1417,3
1418,3
1419,3
1420,3
1421,3
1422,3
1423,3
1424,3
1425,3
1426,3
1427,3
1428,3
1429,3
1430,3
1431,3
1432,3
1433,3
1434,3
1435,3
1436,3
1437,3
1438,3
1439,3
1440,3
1441,3
1442,3
1443,3
1444,3
1445,3
1446,3
1447,3
1448,3
1449,3
1450,3
1451,3
1452,3
1453,3
1454,3
1455,3
1456,3
1457,3
1458,3
1459,3
1460,3
1461,3
1462,3
1463,3
1464,3
1465,3
1466,3
1467,3
1468,3
1469,3
1470,3
1471,3
1472,3
1473,3
1474,3
1475,3
1476,3
1477,3
1478,3
1479,3
1480,3
1481,3
1482,3
1483,3
1484,3
1485,3
1486,3
1487,3
1488,3
1489,3
1490,3
1491,3
1492,3
1493,3
1494,3
1495,3
1496,3
1497,3
1498,3
1499,3
1500,3
1501,3
1502,3
1503,3
1504,3
1505,3
1506,3
1507,3
1508,3
1509,3
1510,3
1511,3
1512,3
1513,3
1514,3
1515,3
1516,3
1517,3
1518,14
1518,15
1518,93
1519,69
1520,15
1521,15
1522,6
1522,15
1523,6
1524,6
1525,29
1525,30
1526,48
1527,6
1528,6
1529,6
1530,6
1531,6
1532,6
1533,6
1534,6
1535,6
1536,6
1537,6
1538,6
1539,6
1540,6
1541,6
1542,6
1543,6
1544,6
1545,6
1546,6
1547,6
1548,6
1549,6
1550,6
1551,6
1552,6
1553,6
1554,6
1555,6
1556,6
1557,6
1558,6
1559,6
1560,6
1561,6
1562,6
1563,6
1564,6
1565,6
1566,6
1567,6
1568,6
1569,6
1570,6
1571,6
1572,6
1573,6
1574,6
1575,6
1576,6
1577,6
1578,6
1579,6
1580,6
1581,6
1582,6
1583,91
1584,42
1585,6
1586,211
1587,34
1587,89
1588,35
1589,5
1589,6
1589,14
1589,89
1590,34
1591,3
1591,5
1592,3
1592,5
1593,70
1594,3
1594,6
1594,70
1595,70
1596,6
1597,70
1598,70
1599,6
1600,6
1600,61
1600,70
1601,6
1602,8
1602,14
1603,70
1604,70
1605,5
1606,6
1607,6
1608,6
1608,14
1608,15
1608,48
1609,70
1610,6
1611,6
1612,3
1612,5
1613,3
1613,5
1614,6
1615,6
1616,20
1617,69
1618,3
1619,6
1620,14
1620,15
1620,33
1620,212
1621,6
1622,30
1623,83
1624,15
1625,192
1626,0
1626,102
1627,14
1627,15
1628,15
1628,33
1629,16
1629,20
1630,6
1631,3
1632,3
1632,5
1632,132
1633,3
1634,3
1635,3
1636,3
1637,6
1638,89
1639,6
1640,61
1641,3
1642,6
1643,34
1644,3
1645,3
1646,3
1647,3
1648,3
1648,5
1649,3
1649,5
1650,3
1650,5
1651,3
1651,5
1652,3
1652,5
1653,3
1653,5
1654,3
1654,5
1655,3
1655,5
1656,5
1657,3
1657,5
1658,6
1659,15
1660,6
1661,15
1662,5
1662,6
1663,69
1664,6
1665,0
1665,20
1665,26
1666,14
1666,15
1666,33
1666,34
1667,14
1667,15
1668,15
1669,14
1669,15
1670,14
1670,15
1670,34
1671,33
1672,15
1672,35
1673,6
1674,15
1675,6
1676,6
1677,6
1678,61
1679,54
1679,167
1679,213
1680,0
1680,1
1680,20
1680,26
1680,86
1680,214
1681,6
1682,6
1683,6
1684,6
1685,6
1685,14
1685,15
1686,6
1687,6
1688,6
1689,14
1690,6
1691,6
1692,6
1693,6
1694,6
1695,61
1696,6
1697,6
1698,6
1699,61
1700,6
1701,6
1702,6
1703,6
1704,6
1705,6
1706,6
1707,6
1708,6
1709,6
1710,6
1711,6
1712,6
1713,6
1714,6
1715,6
1716,6
1717,6
1718,6
1719,6
1720,6
1721,6
1722,6
1723,6
1724,6
1725,6
1726,6
1727,6
1728,6
1729,6
1730,6
1731,6
1732,6
1733,3
1733,6
1734,6
1735,6
1736,6
1737,6
1738,6
1739,6
1740,6
1741,6
1742,6
1743,6
1744,6
1745,6
1746,6
1747,6
1748,6
1749,6
1750,6
1751,6
1752,6
1753,6
1754,6
1755,6
1756,6
1757,6
1758,6
1759,6
1760,6
1761,6
1762,6
1763,6
1764,6
1765,6
1766,6
1767,6
1768,8
1768,14
1769,7
1770,14
1770,15
1771,165
1772,6
1773,6
1774,6
1775,14
1775,15
1776,15
1776,33
1776,34
1777,14
1777,15
1778,14
1778,15
1779,14
1779,15
1780,15
1781,14
1781,15
1782,6
1783,34
1784,6
1785,14
1785,15
1786,15
1787,14
1787,15
1788,6
1789,6
1790,33
1791,6
1792,14
1792,15
1792,33
1793,15
1793,34
1794,14
1794,15
1794,33
1794,34
1794,35
1795,14
1795,15
1795,34
1796,14
1796,15
1797,6
1798,33
1799,6
1800,6
1801,34
1802,89
1803,14
1803,15
1803,34
1804,6
1805,6
1806,6
1807,6
1808,14
1808,15
1809,14
1809,15
1809,33
1810,14
1810,15
1810,33
1810,34
1811,6
1811,15
1811,33
1812,14
1812,15
1812,34
1813,14
1813,15
1814,33
1815,15
1816,14
1816,15
1816,34
1817,34
1817,89
1818,14
1818,15
1819,34
1820,14
1820,15
1820,34
1821,2
1822,14
1822,15
1823,14
1823,15
1824,8
1825,14
1825,15
1825,34
1826,33
1827,34
1828,15
1829,14
1829,15
1830,14
1830,15
1830,34
1830,89
1831,33
1832,33
1833,15
1834,15
1835,89
1836,34
1837,6
1838,14
1838,15
1838,33
1839,15
1839,34
1840,14
1840,15
1841,15
1842,14
1842,15
1843,6
1844,34
1845,15
1846,14
1846,15
1847,8
1848,14
1848,15
1849,33
1850,6
1851,33
1852,14
1852,15
1853,6
1854,61
1855,6
1855,61
1856,61
1857,6
1858,15
1858,33
1859,15
1859,34
1860,15
1861,14
1861,15
1862,6
1863,14
1863,15
1864,34
1865,14
1865,15
1866,15
1867,14
1867,15
1868,6
1869,15
1869,34
1870,15
1870,33
1871,14
1871,15
1871,34
1872,34
1873,6
1873,35
1874,33
1875,34
1876,89
1877,3
1878,14
1878,15
1878,33
1878,34
1878,35
1879,14
1879,15
1879,33
1879,34
1879,35
1880,6
1881,14
1881,15
1882,34
1883,34
1884,15
1884,33
1884,34
1885,34
1886,34
1887,6
1888,34
1889,33
1890,33
1891,15
1891,33
1891,34
1892,6
1893,6
1893,14
1893,15
1894,14
1894,15
1894,34
1895,34
1896,15
1896,34
1897,6
1898,34
1899,34
1900,6
1900,40
1900,41
1901,6
1902,33
1903,34
1904,34
1905,15
1906,14
1906,15
1907,15
1908,6
1909,14
1909,15
1910,34
1911,14
1911,15
1912,14
1912,15
1913,14
1913,15
1913,34
1914,14
1914,15
1915,15
1916,15
1917,14
1917,15
1918,34
1919,33
1920,6
1921,14
1921,15
1921,34
1922,15
1923,14
1923,15
1923,33
1923,34
1924,6
1925,15
1925,34
1926,14
1926,15
1927,15
1928,14
1928,15
1928,33
1928,34
1929,15
1930,6
1931,34
1932,6
1933,14
1933,15
1934,34
1935,6
1936,15
1936,33
1936,34
1937,15
1937,33
1938,14
1939,33
1940,33
1940,34
1941,15
1942,15
1942,33
1942,34
1943,89
1944,14
1944,15
1945,6
1946,89
1947,6
1948,15
1949,5
1949,6
1949,56
1949,66
1949,95
1950,15
1951,14
1951,15
1951,33
1951,34
1951,89
1952,14
1952,15
1953,15
1953,33
1954,34
1955,14
1955,15
1956,15
1956,34
1957,14
1957,15
1958,14
1958,15
1958,34
1959,6
1960,15
1961,6
1962,165
1963,6
1964,6
1965,6
1966,8
1967,15
1967,35
1968,165
1969,6
1969,89
1970,6
1971,215
1972,6
1973,6
1974,6
1975,6
1976,6
1977,6
1978,6
1979,6
1980,6
1981,6
1982,6
1983,14
1983,15
1983,33
1984,6
1985,15
1986,34
1987,6
1988,15
1989,6
1990,6
1991,34
1992,33
1993,6
1994,6
1995,6
1996,6
1997,6
1998,6
1999,19
2000,6
2001,6
2002,6
2003,6
2004,6
2005,6
2006,6
2007,6
2008,33
2009,6
2010,33
2011,33
2012,33
2013,33
2014,33
2015,14
2015,15
2016,33
2017,33
2018,6
2019,6
2020,6
2021,6
2022,33
2023,33
2024,6
2025,6
2026,6
2027,33
2028,33
2029,6
2030,6
2031,6
2032,6
